Year,Sexo,Units,Value
2016,,Porcentaje,15.2
2017,,Porcentaje,15.4
2018,,Porcentaje,14.7
2019,,Porcentaje,16.5
2020,,Porcentaje,14.4
2021,,Porcentaje,14.9
2022,,Porcentaje,18.9
2023,,Porcentaje,19.4
2024,,Porcentaje,19.3
2019,Hombres,Porcentaje,17.0
2020,Hombres,Porcentaje,14.5
2021,Hombres,Porcentaje,14.8
2022,Hombres,Porcentaje,20.6
2023,Hombres,Porcentaje,19.5
2024,Hombres,Porcentaje,21.5
2019,Mujeres,Porcentaje,16.1
2020,Mujeres,Porcentaje,14.3
2021,Mujeres,Porcentaje,15.0
2022,Mujeres,Porcentaje,17.3
2023,Mujeres,Porcentaje,19.3
2024,Mujeres,Porcentaje,17.3
