Year,Sexo,Units,Value
2015,Hombres,Tasa por 100.000,3155.8
2015,Mujeres,Tasa por 100.000,1694.7
2015,,Tasa por 100.000,2454.1
2016,Hombres,Tasa por 100.000,3013.5
2016,Mujeres,Tasa por 100.000,1552.2
2016,,Tasa por 100.000,2312.0
2017,Hombres,Tasa por 100.000,3250.1
2017,Mujeres,Tasa por 100.000,1602.0
2017,,Tasa por 100.000,2476.9
2018,Hombres,Tasa por 100.000,2841.5
2018,Mujeres,Tasa por 100.000,1499.6
2018,,Tasa por 100.000,2205.6
2019,Hombres,Tasa por 100.000,2733.8
2019,Mujeres,Tasa por 100.000,1435.8
2019,,Tasa por 100.000,2056.3
2020,Hombres,Tasa por 100.000,3009.3
2020,Mujeres,Tasa por 100.000,1640.8
2020,,Tasa por 100.000,2293.1
