Year,Idioma,Sexo,Units,Value
2015,Catalán,,Porcentaje,77.0
2016,Catalán,,Porcentaje,76.0
2017,Catalán,,Porcentaje,75.0
2018,Catalán,,Porcentaje,77.0
2019,Catalán,,Porcentaje,77.0
2020,Catalán,,Porcentaje,77.0
2021,Catalán,,Porcentaje,75.3
2022,Catalán,,Porcentaje,74.4
2023,Catalán,,Porcentaje,74.7
2015,Catalán,Hombres,Porcentaje,77.1
2016,Catalán,Hombres,Porcentaje,75.4
2017,Catalán,Hombres,Porcentaje,76.5
2018,Catalán,Hombres,Porcentaje,78.1
2019,Catalán,Hombres,Porcentaje,77.7
2020,Catalán,Hombres,Porcentaje,78.6
2021,Catalán,Hombres,Porcentaje,76.7
2022,Catalán,Hombres,Porcentaje,74.2
2023,Catalán,Hombres,Porcentaje,74.9
2015,Catalán,Mujeres,Porcentaje,76.3
2016,Catalán,Mujeres,Porcentaje,76.2
2017,Catalán,Mujeres,Porcentaje,73.8
2018,Catalán,Mujeres,Porcentaje,76.9
2019,Catalán,Mujeres,Porcentaje,76.7
2020,Catalán,Mujeres,Porcentaje,75.3
2021,Catalán,Mujeres,Porcentaje,74.1
2022,Catalán,Mujeres,Porcentaje,74.5
2023,Catalán,Mujeres,Porcentaje,74.6
2015,Español,,Porcentaje,100.0
2016,Español,,Porcentaje,100.0
2017,Español,,Porcentaje,100.0
2018,Español,,Porcentaje,100.0
2019,Español,,Porcentaje,100.0
2020,Español,,Porcentaje,100.0
2021,Español,,Porcentaje,99.9
2022,Español,,Porcentaje,100.0
2023,Español,,Porcentaje,100.0
2015,Español,Hombres,Porcentaje,100.0
2016,Español,Hombres,Porcentaje,100.0
2017,Español,Hombres,Porcentaje,100.0
2018,Español,Hombres,Porcentaje,100.0
2019,Español,Hombres,Porcentaje,100.0
2020,Español,Hombres,Porcentaje,100.0
2021,Español,Hombres,Porcentaje,99.9
2022,Español,Hombres,Porcentaje,100.0
2023,Español,Hombres,Porcentaje,100.0
2015,Español,Mujeres,Porcentaje,100.0
2016,Español,Mujeres,Porcentaje,100.0
2017,Español,Mujeres,Porcentaje,100.0
2018,Español,Mujeres,Porcentaje,100.0
2019,Español,Mujeres,Porcentaje,100.0
2020,Español,Mujeres,Porcentaje,100.0
2021,Español,Mujeres,Porcentaje,99.9
2022,Español,Mujeres,Porcentaje,100.0
2023,Español,Mujeres,Porcentaje,100.0
2015,Inglés,,Porcentaje,44.0
2016,Inglés,,Porcentaje,46.0
2017,Inglés,,Porcentaje,48.0
2018,Inglés,,Porcentaje,51.0
2019,Inglés,,Porcentaje,51.0
2020,Inglés,,Porcentaje,57.0
2021,Inglés,,Porcentaje,56.6
2022,Inglés,,Porcentaje,56.2
2023,Inglés,,Porcentaje,57.4
2015,Inglés,Hombres,Porcentaje,48.6
2016,Inglés,Hombres,Porcentaje,50.9
2017,Inglés,Hombres,Porcentaje,53.9
2018,Inglés,Hombres,Porcentaje,56.9
2019,Inglés,Hombres,Porcentaje,56.9
2020,Inglés,Hombres,Porcentaje,63.0
2021,Inglés,Hombres,Porcentaje,62.5
2022,Inglés,Hombres,Porcentaje,60.9
2023,Inglés,Hombres,Porcentaje,62.3
2015,Inglés,Mujeres,Porcentaje,40.0
2016,Inglés,Mujeres,Porcentaje,41.6
2017,Inglés,Mujeres,Porcentaje,42.0
2018,Inglés,Mujeres,Porcentaje,46.4
2019,Inglés,Mujeres,Porcentaje,46.6
2020,Inglés,Mujeres,Porcentaje,51.5
2021,Inglés,Mujeres,Porcentaje,51.5
2022,Inglés,Mujeres,Porcentaje,52.0
2023,Inglés,Mujeres,Porcentaje,53.1
