Year,Sexe,Units,Value
2015,,Nombre Total,199
2015,Homes,Nombre Total,135
2015,Dones,Nombre Total,64
2016,,Nombre Total,192
2016,Homes,Nombre Total,131
2016,Dones,Nombre Total,61
2017,,Nombre Total,230
2017,Homes,Nombre Total,150
2017,Dones,Nombre Total,80
2018,,Nombre Total,236
2018,Homes,Nombre Total,155
2018,Dones,Nombre Total,81
2019,,Nombre Total,202
2019,Homes,Nombre Total,143
2019,Dones,Nombre Total,59
2020,,Nombre Total,141
2020,Homes,Nombre Total,98
2020,Dones,Nombre Total,43
2021,,Nombre Total,166
2021,Homes,Nombre Total,111
2021,Dones,Nombre Total,55
2022,,Nombre Total,172
