Year,Districte,Units,Value
2015-2016,Barcelona,Percentatge,89.5
2015-2016,Ciutat Vella,Percentatge,74.1
2015-2016,Eixample,Percentatge,92.9
2015-2016,Sants-Montjuïc,Percentatge,84.4
2015-2016,Les Corts,Percentatge,92.5
2015-2016,Sarrià-Sant Gervasi,Percentatge,94.1
2015-2016,Gràcia,Percentatge,94.2
2015-2016,Horta-Guinardó,Percentatge,90.2
2015-2016,Nou Barris,Percentatge,82.7
2015-2016,Sant Andreu,Percentatge,88.8
2015-2016,Sant Martí,Percentatge,88.2
2015-2016,Diferencial,Percentatge,20.1
2016-2017,Barcelona,Percentatge,89.5
2016-2017,Ciutat Vella,Percentatge,79.2
2016-2017,Eixample,Percentatge,89.5
2016-2017,Sants-Montjuïc,Percentatge,84.8
2016-2017,Les Corts,Percentatge,90.8
2016-2017,Sarrià-Sant Gervasi,Percentatge,94.2
2016-2017,Gràcia,Percentatge,95.5
2016-2017,Horta-Guinardó,Percentatge,89.6
2016-2017,Nou Barris,Percentatge,83.7
2016-2017,Sant Andreu,Percentatge,90.6
2016-2017,Sant Martí,Percentatge,89.0
2016-2017,Diferencial,Percentatge,16.3
2017-2018,Barcelona,Percentatge,90.7
2017-2018,Ciutat Vella,Percentatge,78.0
2017-2018,Eixample,Percentatge,92.6
2017-2018,Sants-Montjuïc,Percentatge,86.2
2017-2018,Les Corts,Percentatge,96.3
2017-2018,Sarrià-Sant Gervasi,Percentatge,95.8
2017-2018,Gràcia,Percentatge,96.0
2017-2018,Horta-Guinardó,Percentatge,88.3
2017-2018,Nou Barris,Percentatge,82.4
2017-2018,Sant Andreu,Percentatge,90.8
2017-2018,Sant Martí,Percentatge,90.3
2017-2018,Diferencial,Percentatge,18.3
2018-2019,Barcelona,Percentatge,90.0
2018-2019,Ciutat Vella,Percentatge,85.0
2018-2019,Eixample,Percentatge,91.8
2018-2019,Sants-Montjuïc,Percentatge,85.6
2018-2019,Les Corts,Percentatge,98.2
2018-2019,Sarrià-Sant Gervasi,Percentatge,97.4
2018-2019,Gràcia,Percentatge,93.8
2018-2019,Horta-Guinardó,Percentatge,87.3
2018-2019,Nou Barris,Percentatge,75.6
2018-2019,Sant Andreu,Percentatge,91.4
2018-2019,Sant Martí,Percentatge,86.3
2018-2019,Diferencial,Percentatge,22.6
2019-2020,Barcelona,Percentatge,92.1
2019-2020,Ciutat Vella,Percentatge,85.7
2019-2020,Eixample,Percentatge,93.5
2019-2020,Sants-Montjuïc,Percentatge,86.9
2019-2020,Les Corts,Percentatge,100.0
2019-2020,Sarrià-Sant Gervasi,Percentatge,97.4
2019-2020,Gràcia,Percentatge,96.6
2019-2020,Horta-Guinardó,Percentatge,91.1
2019-2020,Nou Barris,Percentatge,83.1
2019-2020,Sant Andreu,Percentatge,92.6
2019-2020,Sant Martí,Percentatge,88.2
2019-2020,Diferencial,Percentatge,17.4
