Year,Sexe,Units,Value
2015,,Número total en milers,103.0
2016,,Número total en milers,93.8
2017,,Número total en milers,80.3
2018,,Número total en milers,83.0
2019,,Número total en milers,70.3
2020,,Número total en milers,103.9
2021,,Número total en milers,54.4
2022,,Número total en milers,68.1
2023,,Número total en milers,64.9
2015,Homes,Número total en milers,49.3
2016,Homes,Número total en milers,46.8
2017,Homes,Número total en milers,43.6
2018,Homes,Número total en milers,37.6
2019,Homes,Número total en milers,38.9
2020,Homes,Número total en milers,52.6
2021,Homes,Número total en milers,23.5
2022,Homes,Número total en milers,34.9
2023,Homes,Número total en milers,28.8
2015,Dones,Número total en milers,53.7
2016,Dones,Número total en milers,47.0
2017,Dones,Número total en milers,36.7
2018,Dones,Número total en milers,45.4
2019,Dones,Número total en milers,31.4
2020,Dones,Número total en milers,51.3
2021,Dones,Número total en milers,30.9
2022,Dones,Número total en milers,33.2
2023,Dones,Número total en milers,36.0
