Year,Area,Gender,Units,Value
2015,Neighbourhood,,0-10 scale,6.3
2016,Neighbourhood,,0-10 scale,6.5
2017,Neighbourhood,,0-10 scale,6.4
2018,Neighbourhood,,0-10 scale,5.9
2019,Neighbourhood,,0-10 scale,5.9
2020,Neighbourhood,,0-10 scale,6.2
2021,Neighbourhood,,0-10 scale,6.1
2022,Neighbourhood,,0-10 scale,6.1
2023,Neighbourhood,,0-10 scale,6.1
2024,Neighbourhood,,0-10 scale,6.1
2015,Neighbourhood,Men,0-10 scale,6.5
2016,Neighbourhood,Men,0-10 scale,6.5
2017,Neighbourhood,Men,0-10 scale,6.6
2018,Neighbourhood,Men,0-10 scale,6.5
2019,Neighbourhood,Men,0-10 scale,5.9
2020,Neighbourhood,Men,0-10 scale,5.9
2021,Neighbourhood,Men,0-10 scale,6.3
2022,Neighbourhood,Men,0-10 scale,6.1
2023,Neighbourhood,Men,0-10 scale,6.1
2024,Neighbourhood,Men,0-10 scale,6.1
2015,Neighbourhood,Women,0-10 scale,6.2
2016,Neighbourhood,Women,0-10 scale,6.5
2017,Neighbourhood,Women,0-10 scale,6.5
2018,Neighbourhood,Women,0-10 scale,6.4
2019,Neighbourhood,Women,0-10 scale,5.9
2020,Neighbourhood,Women,0-10 scale,5.8
2021,Neighbourhood,Women,0-10 scale,6.2
2022,Neighbourhood,Women,0-10 scale,6.1
2023,Neighbourhood,Women,0-10 scale,6.0
2024,Neighbourhood,Women,0-10 scale,6.2
2015,City,,0-10 scale,6.2
2016,City,,0-10 scale,6.3
2017,City,,0-10 scale,6.2
2018,City,,0-10 scale,5.2
2019,City,,0-10 scale,5.2
2020,City,,0-10 scale,5.6
2021,City,,0-10 scale,5.4
2022,City,,0-10 scale,5.4
2023,City,,0-10 scale,5.3
2024,City,,0-10 scale,5.3
2015,City,Men,0-10 scale,6.3
2016,City,Men,0-10 scale,6.0
2017,City,Men,0-10 scale,6.4
2018,City,Men,0-10 scale,6.3
2019,City,Men,0-10 scale,5.3
2020,City,Men,0-10 scale,5.3
2021,City,Men,0-10 scale,5.7
2022,City,Men,0-10 scale,5.5
2023,City,Men,0-10 scale,5.4
2024,City,Men,0-10 scale,5.4
2015,City,Women,0-10 scale,6.0
2016,City,Women,0-10 scale,5.9
2017,City,Women,0-10 scale,6.2
2018,City,Women,0-10 scale,6.0
2019,City,Women,0-10 scale,5.1
2020,City,Women,0-10 scale,5.2
2021,City,Women,0-10 scale,5.5
2022,City,Women,0-10 scale,5.4
2023,City,Women,0-10 scale,5.3
2024,City,Women,0-10 scale,5.3
