Year,Units,Value
2015,Number of illegal settlements,56
2016,Number of illegal settlements,62
2017,Number of illegal settlements,72
2018,Number of illegal settlements,79
2019,Number of illegal settlements,77
2020,Number of illegal settlements,75
2021,Number of illegal settlements,81
2022,Number of illegal settlements,66
2023,Number of illegal settlements,77
2017,People living in illegal settlements,143
2018,People living in illegal settlements,339
2019,People living in illegal settlements,396
2020,People living in illegal settlements,428
2021,People living in illegal settlements,476
2022,People living in illegal settlements,385
2023,People living in illegal settlements,354
